{
  "extremis.disable": {
    "category": "player",
    "sounds": [
      "extremis_disable"
    ]
  },
  "extremis.enable": {
    "category": "player",
    "sounds": [
      "extremis_enable"
    ]
  },
  "sound_barrier": {
    "category": "player",
    "sounds": [
      "sound_barrier"
    ]
  },
  "repulsor.aim_1": {
    "category": "player",
    "sounds": [
      "repulsor_aim_1"
    ]
  },
  "repulsor.aim_2": {
    "category": "player",
    "sounds": [
      "repulsor_aim_2"
    ]
  },
  "repulsor.aim_3": {
    "category": "player",
    "sounds": [
      "repulsor_aim_3"
    ]
  },
  "repulsor.shoot_1": {
    "category": "player",
    "sounds": [
      "repulsor_shoot_1"
    ]
  },
  "repulsor.shoot_2": {
    "category": "player",
    "sounds": [
      "repulsor_shoot_2"
    ]
  },
  "repulsor.shoot_3": {
    "category": "player",
    "sounds": [
      "repulsor_shoot_3"
    ]
  },
  "unibeam.charge_1": {
    "category": "player",
    "sounds": [
      "unibeam_charge_1"
    ]
  },
  "unibeam.charge_2": {
    "category": "player",
    "sounds": [
      "unibeam_charge_2"
    ]
  },
  "unibeam.charge_3": {
    "category": "player",
    "sounds": [
      "unibeam_charge_3"
    ]
  },
  "unibeam.loop": {
    "category": "player",
    "sounds": [
      "unibeam_loop"
    ]
  },
  "sonic.boom": {
    "category": "player",
    "sounds": [
      "sonic_boom"
    ]
  },
  "cold.breath": {
    "category": "player",
    "sounds": [
      "breath"
    ]
  },
  "arm_vortex": {
    "category": "player",
    "sounds": [
      "arm_vortex"
    ]
  },
  "flash_punch": {
    "category": "player",
    "sounds": [
      "flash_punch"
    ]
  },
  "electro_charge": {
    "category": "player",
    "sounds": [
      "electro_charge"
    ]
  },
  "electro_flight": {
    "category": "player",
    "sounds": [
      "electro_flight"

    ]
  },
  "electro_blast": {
    "category": "player",
    "sounds": [
      "electro_blast"

    ]
  },
  "electro_beam": {
    "category": "player",
    "sounds": [
      "electro_beam"

    ]
  },
  "lightning_spell": {
    "category": "player",
    "sounds": [
      "lightning_spell"

      
    ]
  },
  "electro_lightning": {
    "category": "player",
    "sounds": [
      "electro_lightning"
      
      
        ]
    }
}
